Model,Accuracy,Precision,Recall,F1-Score
Best Model,0.7792207792207793,0.717391304347826,0.6111111111111112,0.66
